{  
 "variables": {},

  "builders": [{
    "type": "azure-arm",

    "client_id": "<INSERT YOURS>",
    "client_secret": "pass@word1!",
    "object_id": "<INSERT YOURS>",
    "subscription_id": "<INSERT YOURS>",
    "tenant_id": "<INSERT YOURS>",
    "resource_group_name": "spfarmstaging",
    "storage_account": "spfarmstaging",

    "capture_container_name": "spfarmstaging",
    "capture_name_prefix": "packer",

    "os_type": "Windows",
    "image_publisher": "MicrosoftWindowsServer",
    "image_offer": "WindowsServer",
    "image_sku": "2016-Datacenter",

    "communicator": "winrm",
    "winrm_use_ssl": "true",
    "winrm_insecure": "true",
    "winrm_timeout": "15m",
    "winrm_username": "packer",

    "azure_tags": {
        "Role": "WFE"
    },

    "location": "West US",
    "vm_size": "Standard_DS2_v2"
  }],
    "provisioners": [
        {
      "type": "windows-shell",
      "execute_command": "{{ .Vars }} cmd /c \"{{ .Path }}\"",
      "scripts": [
        "scripts/enable-rdp.bat",
        "scripts/chocolatey.bat",
        "scripts/chocopacks.bat"
      ]
    },
    {
      "type": "windows-shell",
      "execute_command": "{{ .Vars }} cmd /c \"{{ .Path }}\"",
      "scripts": ["scripts/pin-powershell.bat","scripts/set-winrm-automatic.bat"]
    },
    {
      "type": "powershell",
      "scripts": [
        "scripts/disable-screensaver.ps1",
        "scripts/postInstall.ps1",
        "scripts/enable-winrm.ps1"
      ]
    },
    {
      "type": "ansible",
      "playbook_file": "../ansible/plays/webservers.yml",
      "ansible_env_vars": ["ANSIBLE_CONFIG=../ansible.cfg"],
      "groups":["Webservers"],
      "user": "packer",
      "extra_arguments": [
        "--connection", "packer",
        "--tags=never",
        "--extra-vars", "ansible_shell_type=powershell ansible_shell_executable=None cloud_host=Webservers ansible_user=packer",
        "-vvvvv"
      ]
    },
    {
      "type": "windows-restart",
      "restart_check_command": "powershell -command \"& {Write-Output 'packer restarted this machine successfully.'}\""
    },
    {
        "type": "powershell",
        "inline": [
            "& $env:SystemRoot\\System32\\Sysprep\\Sysprep.exe /oobe /generalize /quiet /quit",
            "while($true) { $imageState = Get-ItemProperty HKLM:\\SOFTWARE\\Microsoft\\Windows\\CurrentVersion\\Setup\\State | Select ImageState; if($imageState.ImageState -ne 'IMAGE_STATE_GENERALIZE_RESEAL_TO_OOBE') { Write-Output $imageState.ImageState; Start-Sleep -s 10  } else { break } }"
        ]
    }
   
  ]
}
