﻿<Configuration Environment="Test Environment" Version="3.99.60">
    <Install SPVersion="2016">
        <ConfigFile>config-AutoSPInstaller.xml</ConfigFile>
        <InstallDir></InstallDir>
        <DataDir></DataDir>
        <PIDKey>NQGJR-63HC8-XCRQH-MYVCH-3J3QR</PIDKey>
        <SKU>Enterprise</SKU>
        <OfflineInstall>false</OfflineInstall>
        <PauseAfterInstall>false</PauseAfterInstall>
        <RemoteInstall Enable="false">
            <ParallelInstall>false</ParallelInstall>
        </RemoteInstall>
        <AutoAdminLogon Enable="true">
            <Password>Pass@word1!</Password>
        </AutoAdminLogon>
        <Disable>
            <LoopbackCheck>true</LoopbackCheck>
            <UnusedServices>true</UnusedServices>
            <IEEnhancedSecurity>true</IEEnhancedSecurity>
            <CertificateRevocationListCheck>false</CertificateRevocationListCheck>
        </Disable>
    </Install>
    <Farm>
        <Passphrase>Pass@word1!</Passphrase>
        <Account>
            <AddToLocalAdminsDuringSetup>true</AddToLocalAdminsDuringSetup>
            <LeaveInLocalAdmins>true</LeaveInLocalAdmins>
            <Username>SPOSCAR\SP_Farm</Username>
            <Password>Pass@word1!</Password>
        </Account>
        <CentralAdmin Provision="SP2016APPSERVER">
            <Database>Content_CentralAdmin</Database>
            <Port>2016</Port>
            <UseSSL>false</UseSSL>
        </CentralAdmin>
        <Database>
            <DBServer>SP2016SQLSERVER</DBServer>
            <DBAlias Create="false">
                <DBInstance>SP2016SQLSERVER</DBInstance>
                <DBPort></DBPort>
            </DBAlias>
            <DBPrefix>DEV</DBPrefix>
            <ConfigDB>Config</ConfigDB>
        </Database>
        <Services>
            <SandboxedCodeService Start="false"/>
            <ClaimsToWindowsTokenService Start="false" UpdateAccount="false"/>
            <SMTP Install="false"/>
            <OutgoingEmail Configure="false">
                <SMTPServer></SMTPServer>
                <EmailAddress></EmailAddress>
                <ReplyToEmail></ReplyToEmail>
            </OutgoingEmail>
            <IncomingEmail Start="false"/>
            <DistributedCache Start="false"/>
            <WorkflowTimer Start="false"/>
            <FoundationWebApplication Start="false"/>
        </Services>
        <ServerRoles>
            <Custom Provision="false"/>
            <WebFrontEnd Provision="false"/>
            <WebFrontEndWithDistributedCache Provision="SP2016WFE"/>
            <SingleServerFarm Provision="false"/>
            <Search Provision="false"/>
            <Application Provision="false"/>
            <ApplicationWithSearch Provision="SP2016APPSERVER"/>
            <DistributedCache Provision="false"/>
        </ServerRoles>
        <ManagedAccounts>
            <ManagedAccount CommonName="spservice">
                <Username>SPOSCAR\SP_Services</Username>
                <Password>Pass@word1!</Password>
            </ManagedAccount>
            <ManagedAccount CommonName="Portal">
                <Username>SPOSCAR\SP_PortalAppPool</Username>
                <Password>Pass@word1!</Password>
            </ManagedAccount>
            <ManagedAccount CommonName="MySiteHost">
                <Username>SPOSCAR\SP_ProfilesAppPool</Username>
                <Password>Pass@word1!</Password>
            </ManagedAccount>
            <ManagedAccount CommonName="SearchService">
                <Username>SPOSCAR\SP_SearchService</Username>
                <Password>Pass@word1!</Password>
            </ManagedAccount>
        </ManagedAccounts>
        <ObjectCacheAccounts>
            <SuperUser>SPOSCAR\SP_CacheSuperUser</SuperUser>
            <SuperReader>SPOSCAR\SP_CacheSuperReader</SuperReader>
        </ObjectCacheAccounts>
        <Logging>
            <IISLogs Compress="true">
                <Path></Path>
            </IISLogs>
            <ULSLogs Compress="true">
                <LogLocation></LogLocation>
                <LogDiskSpaceUsageGB></LogDiskSpaceUsageGB>
                <DaysToKeepLogs></DaysToKeepLogs>
                <LogCutInterval></LogCutInterval>
            </ULSLogs>
            <UsageLogs Compress="true">
                <UsageLogDir></UsageLogDir>
                <UsageLogMaxSpaceGB></UsageLogMaxSpaceGB>
                <UsageLogCutTime></UsageLogCutTime>
            </UsageLogs>
        </Logging>
    </Farm>
    <WebApplications AddURLsToHOSTS="true">
        <WebApplication Name="Portal Home">
            <Type>Portal</Type>
            <ApplicationPool>portal.sharepointoscar.com</ApplicationPool>
            <Url>http://portal.sharepointoscar.com</Url>
            <Port>80</Port>
            <UseHostHeader>false</UseHostHeader>
            <AddURLToLocalIntranetZone>true</AddURLToLocalIntranetZone>
            <GrantCurrentUserFullControl>true</GrantCurrentUserFullControl>
            <UseClaims>true</UseClaims>
            <UseBasicAuthentication>false</UseBasicAuthentication>
            <UseOnlineWebPartCatalog>false</UseOnlineWebPartCatalog>
            <Database>
                <Name>Content_Portal</Name>
                <DBServer></DBServer>
                <DBAlias Create="false">
                    <DBInstance></DBInstance>
                    <DBPort></DBPort>
                </DBAlias>
            </Database>
            <ManagedPaths>
                <ManagedPath relativeUrl="help" explicit="true"/>
            </ManagedPaths>
            <SiteCollections>
                <SiteCollection siteUrl="http://portal.sharepointoscar.com">
                    <Name>Portal Home</Name>
                    <Description>Portal Home Site</Description>
                    <HostNamedSiteCollection>false</HostNamedSiteCollection>
                    <Owner></Owner>
                    <CustomDatabase>sposcar_portal_content</CustomDatabase>
                    <SearchUrl>http://portal.sharepointoscar.com/search</SearchUrl>
                    <Template>BLANKINTERNETCONTAINER#0</Template>
                    <LCID>1033</LCID>
                    <Locale>en-us</Locale>
                    <Time24>false</Time24>
                </SiteCollection>
            </SiteCollections>
        </WebApplication>
        <WebApplication Name="MySite Host">
            <Type>MySiteHost</Type>
            <ApplicationPool>mysites.sharepointoscar.com</ApplicationPool>
            <Url>http://mysites.sharepointoscar.com</Url>
            <Port>80</Port>
            <UseHostHeader>true</UseHostHeader>
            <AddURLToLocalIntranetZone>true</AddURLToLocalIntranetZone>
            <GrantCurrentUserFullControl>true</GrantCurrentUserFullControl>
            <UseClaims>true</UseClaims>
            <UseBasicAuthentication>false</UseBasicAuthentication>
            <UseOnlineWebPartCatalog>false</UseOnlineWebPartCatalog>
            <Database>
                <Name>Content_MySites</Name>
                <DBServer></DBServer>
                <DBAlias Create="false">
                    <DBInstance></DBInstance>
                    <DBPort></DBPort>
                </DBAlias>
            </Database>
            <ManagedPaths>
                <ManagedPath relativeUrl="personal" explicit="false"/>
            </ManagedPaths>
            <SiteCollections>
                <SiteCollection siteUrl="http://mysites.sharepointoscar.com">
                    <Name>My Site Host</Name>
                    <Description>My Site Host</Description>
                    <HostNamedSiteCollection>false</HostNamedSiteCollection>
                    <Owner></Owner>
                    <CustomDatabase></CustomDatabase>
                    <SearchUrl>http://portal.sharepointoscar.com/search</SearchUrl>
                    <Template>SPSMSITEHOST#0</Template>
                    <LCID>1033</LCID>
                    <Locale>en-us</Locale>
                    <Time24>false</Time24>
                </SiteCollection>
            </SiteCollections>
        </WebApplication>
    </WebApplications>
    <ServiceApps>
        <ManagedMetadataServiceApp Provision="SP2016APPSERVER">
            <Name>Managed Metadata Service</Name>
            <ProxyName>Managed Metadata Service</ProxyName>
            <Database>
                <Name>MetaData</Name>
                <DBServer></DBServer>
                <DBAlias Create="false">
                    <DBInstance></DBInstance>
                    <DBPort></DBPort>
                </DBAlias>
            </Database>
        </ManagedMetadataServiceApp>
        <UserProfileServiceApp Provision="SP2016APPSERVER">
            <Name>User Profile Service Application</Name>
            <ProxyName>User Profile Service Application</ProxyName>
            <MySiteHostLocation></MySiteHostLocation>
            <MySiteManagedPath>personal</MySiteManagedPath>
            <EnableNetBIOSDomainNames>true</EnableNetBIOSDomainNames>
            <StartProfileSync>true</StartProfileSync>
            <CreateDefaultSyncConnection>false</CreateDefaultSyncConnection>
            <SyncConnectionAccount>SPOSCAR\SP_ProfileSync</SyncConnectionAccount>
            <SyncConnectionAccountPassword></SyncConnectionAccountPassword>
            <Database>
                <ProfileDB>Profile</ProfileDB>
                <SyncDB>Sync</SyncDB>
                <SocialDB>Social</SocialDB>
                <DBServer></DBServer>
                <DBAlias Create="false">
                    <DBInstance></DBInstance>
                    <DBPort></DBPort>
                </DBAlias>
            </Database>
        </UserProfileServiceApp>
        <EnterpriseSearchService Provision="SP2016APPSERVER">
            <ContactEmail></ContactEmail>
            <ConnectionTimeout>60</ConnectionTimeout>
            <AcknowledgementTimeout>60</AcknowledgementTimeout>
            <ProxyType>Default</ProxyType>
            <IgnoreSSLWarnings>true</IgnoreSSLWarnings>
            <InternetIdentity>Mozilla/4.0 (compatible; MSIE 4.01; Windows NT; MS Search 6.0 Robot)</InternetIdentity>
            <CustomIndexLocation></CustomIndexLocation>
            <PerformanceLevel>Reduced</PerformanceLevel>
            <ShareName>SearchIndex</ShareName>
            <EnterpriseSearchServiceApplications>
                <EnterpriseSearchServiceApplication Name="Search Service Application">
                    <FailoverDatabaseServer></FailoverDatabaseServer>
                    <Partitioned>false</Partitioned>
                    <Partitions>1</Partitions>
                    <SearchServiceApplicationType>Regular</SearchServiceApplicationType>
                    <ContentAccessAccount>SPOSCAR\SP_SearchContent</ContentAccessAccount>
                    <ContentAccessAccountPassword>Pass@word1!</ContentAccessAccountPassword>
                    <Database>
                        <Name>Search</Name>
                        <DBServer></DBServer>
                        <DBAlias Create="false">
                            <DBInstance></DBInstance>
                            <DBPort></DBPort>
                        </DBAlias>
                    </Database>
                    <ApplicationPool Name="SharePoint Search Application Pool"/>
                    <CrawlComponent Provision="SP2016APPSERVER"/>
                    <QueryComponent Provision="SP2016APPSERVER"/>
                    <SearchQueryAndSiteSettingsComponent Provision="SP2016APPSERVER"/>
                    <AdminComponent Provision="SP2016APPSERVER">
                        <ApplicationPool Name="SharePoint Search Application Pool"/>
                    </AdminComponent>
                    <IndexComponent Provision="localhost"/>
                    <ContentProcessingComponent Provision="SP2016APPSERVER"/>
                    <AnalyticsProcessingComponent Provision="SP2016APPSERVER"/>
                    <Proxy Name="Search Service Application">
                        <Partitioned>false</Partitioned>
                        <ProxyGroup>Default</ProxyGroup>
                    </Proxy>
                    <SearchCenterUrl></SearchCenterUrl>
                </EnterpriseSearchServiceApplication>
            </EnterpriseSearchServiceApplications>
        </EnterpriseSearchService>
        <StateService Provision="SP2016APPSERVER">
            <Name>State Service</Name>
            <ProxyName>State Service</ProxyName>
            <Database>
                <Name>StateService</Name>
                <DBServer></DBServer>
                <DBAlias Create="false">
                    <DBInstance></DBInstance>
                    <DBPort></DBPort>
                </DBAlias>
            </Database>
        </StateService>
        <WebAnalyticsService Provision="localhost">
            <Name>Web Analytics Service Application</Name>
            <Database>
                <ReportingDB>WebAnalyticsReporting</ReportingDB>
                <StagingDB>WebAnalyticsStaging</StagingDB>
                <DBServer></DBServer>
                <DBAlias Create="false">
                    <DBInstance></DBInstance>
                    <DBPort></DBPort>
                </DBAlias>
            </Database>
        </WebAnalyticsService>
        <SPUsageService Provision="false">
            <Name>Usage and Health Data Collection</Name>
            <Database>
                <Name>UsageAndHealth</Name>
                <DBServer></DBServer>
                <DBAlias Create="false">
                    <DBInstance></DBInstance>
                    <DBPort></DBPort>
                </DBAlias>
            </Database>
        </SPUsageService>
        <SecureStoreService Provision="SP2016APPSERVER">
            <Name>Secure Store Service</Name>
            <ProxyName>Secure Store Service</ProxyName>
            <Database>
                <Name>SecureStore</Name>
                <DBServer></DBServer>
                <DBAlias Create="false">
                    <DBInstance></DBInstance>
                    <DBPort></DBPort>
                </DBAlias>
            </Database>
        </SecureStoreService>
        <BusinessDataConnectivity Provision="false">
            <Name>Business Data Connectivity Service</Name>
            <ProxyName>Business Data Connectivity Service</ProxyName>
            <Database>
                <Name>BusinessDataCatalog</Name>
                <DBServer></DBServer>
                <DBAlias Create="false">
                    <DBInstance></DBInstance>
                    <DBPort></DBPort>
                </DBAlias>
            </Database>
        </BusinessDataConnectivity>
        <WordAutomationService Provision="false">
            <Name>Word Automation Services</Name>
            <ProxyName>Word Automation Services</ProxyName>
            <Database>
                <Name>WordAutomation</Name>
                <DBServer></DBServer>
                <DBAlias Create="false">
                    <DBInstance></DBInstance>
                    <DBPort></DBPort>
                </DBAlias>
            </Database>
        </WordAutomationService>
        <AppManagementService Provision="SP2016APPSERVER">
            <Name>App Management Service</Name>
            <ProxyName>App Management Service</ProxyName>
            <AppDomain>apps.sharepointoscar.com</AppDomain>
            <Database>
                <Name>AppManagement</Name>
                <DBServer></DBServer>
                <DBAlias Create="false">
                    <DBInstance></DBInstance>
                    <DBPort></DBPort>
                </DBAlias>
            </Database>
        </AppManagementService>
        <SubscriptionSettingsService Provision="SP2016APPSERVER">
            <Name>Subscription Settings Service</Name>
            <AppSiteSubscriptionName>app</AppSiteSubscriptionName>
            <Database>
                <Name>SubscriptionSettings</Name>
                <DBServer></DBServer>
                <DBAlias Create="false">
                    <DBInstance></DBInstance>
                    <DBPort></DBPort>
                </DBAlias>
            </Database>
        </SubscriptionSettingsService>
        <WorkManagementService Provision="SP2016APPSERVER">
            <Name>Work Management Service Application</Name>
            <ProxyName>Work Management Service Application</ProxyName>
        </WorkManagementService>
        <MachineTranslationService Provision="SP2016APPSERVER">
            <Name>Machine Translation Service</Name>
            <ProxyName>Machine Translation Service</ProxyName>
            <Database>
                <Name>TranslationService</Name>
                <DBServer></DBServer>
                <DBAlias Create="false">
                    <DBInstance></DBInstance>
                    <DBPort></DBPort>
                </DBAlias>
            </Database>
        </MachineTranslationService>
        <PowerPointConversionService Provision="false">
            <Name>PowerPoint Conversion Service Application</Name>
            <ProxyName>PowerPoint Conversion Service Application</ProxyName>
        </PowerPointConversionService>
    </ServiceApps>
    <EnterpriseServiceApps>
        <ExcelServices Provision="false">
            <Name>Excel Services Application</Name>
            <UnattendedIDUser>SPOSCAR\SP_ExcelUser</UnattendedIDUser>
            <UnattendedIDPassword></UnattendedIDPassword>
        </ExcelServices>
        <VisioService Provision="false">
            <Name>Visio Graphics Service</Name>
            <ProxyName>Visio Graphics Service</ProxyName>
            <UnattendedIDUser>SPOSCAR\SP_VisioUser</UnattendedIDUser>
            <UnattendedIDPassword></UnattendedIDPassword>
        </VisioService>
        <AccessService Provision="false">
            <Name>Access 2010 Service</Name>
            <ProxyName>Access 2010 Service</ProxyName>
        </AccessService>
        <AccessServices Provision="false">
            <Name>Access Services</Name>
            <ProxyName>Access Services</ProxyName>
            <Database>
                <Name>AccessServices</Name>
                <DBServer></DBServer>
                <DBAlias Create="false">
                    <DBInstance></DBInstance>
                    <DBPort></DBPort>
                </DBAlias>
            </Database>
        </AccessServices>
        <PerformancePointService Provision="false">
            <Name>PerformancePoint Service</Name>
            <ProxyName>PerformancePoint Service</ProxyName>
            <UnattendedIDUser>SPOSCAR\SP_PerfPointUser</UnattendedIDUser>
            <UnattendedIDPassword></UnattendedIDPassword>
            <Database>
                <Name>PerformancePoint</Name>
                <DBServer></DBServer>
                <DBAlias Create="false">
                    <DBInstance></DBInstance>
                    <DBPort></DBPort>
                </DBAlias>
            </Database>
        </PerformancePointService>
    </EnterpriseServiceApps>
    <OfficeWebApps Install="false">
        <ConfigFile>config-OWA-2010.xml</ConfigFile>
        <PIDKeyOWA></PIDKeyOWA>
        <ExcelService Provision="false">
            <Name>Excel Web App</Name>
            <ProxyName>Excel Web App</ProxyName>
            <UnattendedIDUser>SPOSCAR\SP_ExcelUser</UnattendedIDUser>
            <UnattendedIDPassword></UnattendedIDPassword>
        </ExcelService>
        <WordViewingService Provision="false">
            <Name>Word Viewing Service</Name>
            <ProxyName>Word Viewing Service</ProxyName>
        </WordViewingService>
        <PowerPointService Provision="false">
            <Name>PowerPoint Service Application</Name>
            <ProxyName>PowerPoint Service Application</ProxyName>
        </PowerPointService>
    </OfficeWebApps>
    <ProjectServer Install="false">
        <ConfigFile>config-ProjectServer2013.xml</ConfigFile>
        <PIDKeyProjectServer></PIDKeyProjectServer>
        <ServiceApp Provision="localhost">
            <Name>Project Server Service Application</Name>
            <ProxyName>Project Server Service Application</ProxyName>
            <ManagedPath>PWA</ManagedPath>
            <ServiceAccount>SPOSCAR\SP_ProjectServer</ServiceAccount>
            <ServiceAccountPassword></ServiceAccountPassword>
            <Database>
                <Name>ProjectServer</Name>
                <DBServer></DBServer>
                <DBAlias Create="false">
                    <DBInstance></DBInstance>
                    <DBPort></DBPort>
                </DBAlias>
            </Database>
        </ServiceApp>
    </ProjectServer>
    <AdobePDF>
        <iFilter Install="false"/>
        <Icon Configure="true"/>
        <MIMEType Configure="true"/>
    </AdobePDF>
    <ForeFront Install="false">
        <ConfigFile>answerfile-ForeFront-2010.xml</ConfigFile>
    </ForeFront>
</Configuration>